<?xml version="1.0" encoding="UTF-8" ?>
<!DOCTYPE mapper PUBLIC "-//mybatis.org//DTD Mapper 3.0//EN"
        "http://mybatis.org/dtd/mybatis-3-mapper.dtd">
<mapper namespace="com.boot.security.server.dao.SimpleTableDao">

	<sql id="where">
		<where>
			<if test="params.content != null and params.content != ''">
				and content = #{params.content} 
			</if>
			<if test="params.id != null and params.id != ''">
				and id = #{params.id} 
			</if>
			<if test="params.sub != null and params.sub != ''">
				and sub = #{params.sub} 
			</if>
		
		</where>
	</sql>

	<select id="count" resultType="int">
		select count(1) from simpleTable t
		<include refid="where" />
	</select>

	<select id="list" resultType="SimpleTable">
		select * from simpleTable t
		<include refid="where" />
		${params.orderBy}
		limit #{offset}, #{limit}
	</select>

	<update id="update">
		update simpleTable t
		<set>
			<if test="content != null">
				content = #{content}, 
			</if>
			<if test="sub != null">
				sub = #{sub}, 
			</if>

		</set>

		where t.id = #{id}
	</update>

</mapper>
