<?xml version="1.0" encoding="UTF-8" ?>
<!DOCTYPE mapper PUBLIC "-//mybatis.org//DTD Mapper 3.0//EN"
        "http://mybatis.org/dtd/mybatis-3-mapper.dtd">
<mapper namespace="com.boot.security.server.dao.TestTreeExampleDao">

	<sql id="where">
		<where>
			<if test="params.content != null and params.content != ''">
				and content = #{params.content} 
			</if>
			<if test="params.id != null and params.id != ''">
				and id = #{params.id} 
			</if>
			<if test="params.name != null and params.name != ''">
				and name = #{params.name} 
			</if>
			<if test="params.parentId != null and params.parentId != ''">
				and parentId = #{params.parentId} 
			</if>
			<if test="params.sort != null and params.sort != ''">
				and sort = #{params.sort} 
			</if>
		
		</where>
	</sql>

	<select id="count" resultType="int">
		select count(1) from testTreeExample t
		<include refid="where" />
	</select>

	<select id="list" resultType="TestTreeExample">
		select * from testTreeExample t
		<include refid="where" />
		${params.orderBy}
		limit #{offset}, #{limit}
	</select>

	<update id="update">
		update testTreeExample t
		<set>
			<if test="content != null">
				content = #{content}, 
			</if>
			<if test="name != null">
				name = #{name}, 
			</if>
			<if test="parentId != null">
				parentId = #{parentId}, 
			</if>
			<if test="sort != null">
				sort = #{sort}, 
			</if>

		</set>

		where t.id = #{id}
	</update>

</mapper>
